event_id,date,event_name,event_type,severity,elite_initiated,confidence,decision_domain,initiator_group,initiator_person_id,initiator_faction_id,event_scope,notes,source_url,year,dominant_faction_id,fragmentation_index,top_3_factions
evt_1776_independence,1776-07-04,Declaration of Independence adopted,founding_declaration,5,True,0.98,founding,Continental Congress,,,domestic,Foundational sovereignty event.,https://www.archives.gov/founding-docs,1776,,,
evt_1777_articles_confederation,1777-11-15,Articles of Confederation adopted by Congress,constitutional_design,4,True,0.95,founding,Continental Congress,,,domestic,First national frame of government; ratification completed in 1781.,https://www.archives.gov/founding-docs,1777,,,
evt_1783_treaty_paris,1783-09-03,Treaty of Paris ends Revolutionary War,peace_treaty,5,True,0.98,foreign_policy,U.S. negotiators / Congress,,,international,Britain recognized U.S. independence.,https://history.state.gov/milestones,1783,,,
evt_1787_constitution_signed,1787-09-17,U.S. Constitution signed,constitutional_design,5,True,0.98,constitutional_order,Constitutional Convention,,,domestic,Created durable federal institutional architecture.,https://www.archives.gov/founding-docs,1787,,,
evt_1789_washington_inauguration,1789-04-30,George Washington inaugurated,ruler_transition,4,True,0.98,executive_transition,Electoral College / Congress,,,domestic,First presidential transition under Constitution.,https://www.whitehouse.gov/about-the-white-house/presidents/,1789,,,
evt_1791_bill_of_rights,1791-12-15,Bill of Rights ratified,constitutional_amendment,5,True,0.98,civil_liberties,Congress / states,,,domestic,Core civil-liberties amendments.,https://www.archives.gov/founding-docs,1791,,,
evt_1794_whiskey_rebellion_suppressed,1794-08-07,Federal response to Whiskey Rebellion,domestic_security,3,True,0.9,domestic_security,Executive,,,domestic,Early test of federal enforcement capacity.,https://www.whitehouse.gov/about-the-white-house/presidents/,1794,,,
evt_1798_alien_sedition_acts,1798-07-14,Alien and Sedition Acts enacted,civil_liberties_restriction,4,True,0.92,domestic_security,Federalist Congress / Adams administration,,,domestic,Wartime-style restriction of dissent and immigration.,https://www.congress.gov/,1798,,,
evt_1803_louisiana_purchase,1803-04-30,Louisiana Purchase Treaty signed,territorial_expansion,5,True,0.98,foreign_policy,Jefferson administration,,,international,Doubled claimed U.S. territory.,https://history.state.gov/milestones,1803,,,
evt_1812_war_declared,1812-06-18,United States declares war on Britain,war_declaration,5,True,0.98,war,Congress / Madison administration,,,international,War of 1812 begins.,https://www.congress.gov/,1812,,,
evt_1820_missouri_compromise,1820-03-06,Missouri Compromise enacted,sectional_compromise,4,True,0.95,domestic_institutional,Congress,,,domestic,Managed slavery expansion conflict temporarily.,https://www.congress.gov/,1820,,,
evt_1823_monroe_doctrine,1823-12-02,Monroe Doctrine announced,foreign_policy_doctrine,5,True,0.98,foreign_policy,Monroe administration,,,international,Hemispheric doctrine against European intervention.,https://history.state.gov/milestones,1823,,,
evt_1830_indian_removal_act,1830-05-28,Indian Removal Act signed,forced_removal_policy,5,True,0.98,territorial_policy,Jackson administration / Congress,,,domestic,Enabled forced removal of Native nations.,https://www.congress.gov/,1830,,,
evt_1832_nullification_crisis,1832-11-24,South Carolina Nullification Ordinance,constitutional_crisis,4,False,0.9,federalism,South Carolina political elites,,,domestic,State-federal sovereignty crisis.,https://www.whitehouse.gov/about-the-white-house/presidents/,1832,,,
evt_1845_texas_annexation,1845-12-29,Texas annexed by United States,territorial_expansion,5,True,0.98,territorial_policy,Congress / Polk administration,,,domestic,Major expansion and slavery-section conflict.,https://www.congress.gov/,1845,,,
evt_1846_mexican_war_begins,1846-05-13,Mexican-American War begins,war_declaration,5,True,0.98,war,Congress / Polk administration,,,international,Congress recognized state of war with Mexico.,https://www.congress.gov/,1846,,,
evt_1848_treaty_guadalupe_hidalgo,1848-02-02,Treaty of Guadalupe Hidalgo signed,peace_treaty,5,True,0.98,foreign_policy,Polk administration,,,international,Large cession to United States.,https://history.state.gov/milestones,1848,,,
evt_1850_compromise,1850-09-18,Compromise of 1850 enacted,sectional_compromise,4,True,0.95,domestic_institutional,Congress,,,domestic,Included Fugitive Slave Act and California admission.,https://www.congress.gov/,1850,,,
evt_1854_kansas_nebraska_act,1854-05-30,Kansas-Nebraska Act signed,sectional_policy,5,True,0.98,domestic_institutional,Congress / Pierce administration,,,domestic,Repealed Missouri Compromise framework.,https://www.congress.gov/,1854,,,
evt_1857_dred_scott,1857-03-06,Dred Scott decision,judicial_decision,5,True,0.98,judicial,Supreme Court,,fac_judicial_establishment,domestic,Supreme Court decision deepening sectional crisis.,https://www.supremecourt.gov/about/landmark.aspx,1857,,,
evt_1860_lincoln_elected,1860-11-06,Abraham Lincoln elected president,ruler_transition,5,False,0.98,elections,Electorate / party system,,,domestic,Triggered secession crisis.,https://www.whitehouse.gov/about-the-white-house/presidents/,1860,,,
evt_1861_fort_sumter,1861-04-12,Attack on Fort Sumter,civil_war_start,5,False,0.98,war,Confederate authorities,,,domestic,Civil War begins.,https://www.whitehouse.gov/about-the-white-house/presidents/,1861,,,
evt_1862_homestead_act,1862-05-20,Homestead Act signed,settlement_policy,4,True,0.95,territorial_policy,Lincoln administration / Congress,,,domestic,Federal land-distribution policy for westward settlement.,https://www.congress.gov/,1862,,,
evt_1863_emancipation_proclamation,1863-01-01,Emancipation Proclamation takes effect,war_executive_order,5,True,0.98,civil_rights,Lincoln administration,,,domestic,Reframed Civil War around emancipation.,https://www.archives.gov/milestone-documents,1863,,,
evt_1865_13th_amendment,1865-12-06,Thirteenth Amendment ratified,constitutional_amendment,5,True,0.98,civil_rights,Congress / states,,,domestic,Abolished slavery except as punishment for crime.,https://www.archives.gov/milestone-documents,1865,,,
evt_1868_14th_amendment,1868-07-09,Fourteenth Amendment ratified,constitutional_amendment,5,True,0.98,civil_rights,Congress / states,,,domestic,"Citizenship, due process, equal protection.",https://www.archives.gov/milestone-documents,1868,,,
evt_1870_15th_amendment,1870-02-03,Fifteenth Amendment ratified,constitutional_amendment,5,True,0.98,civil_rights,Congress / states,,,domestic,Voting rights irrespective of race.,https://www.archives.gov/milestone-documents,1870,,,
evt_1877_compromise_reconstruction_ends,1877-03-02,Compromise of 1877 / Reconstruction ends,elite_compromise,5,True,0.9,domestic_institutional,Party and congressional elites,,fac_congressional_leadership,domestic,Withdrawal of federal troops from South and collapse of Reconstruction enforcement.,https://www.congress.gov/,1877,,,
evt_1882_chinese_exclusion_act,1882-05-06,Chinese Exclusion Act signed,immigration_restriction,4,True,0.98,immigration,Congress / Arthur administration,,,domestic,Major federal exclusion law.,https://www.congress.gov/,1882,,,
evt_1887_interstate_commerce_act,1887-02-04,Interstate Commerce Act signed,regulatory_institution,4,True,0.95,economic_regulation,Congress / Cleveland administration,,,domestic,Created first federal regulatory commission.,https://www.congress.gov/,1887,,,
evt_1890_sherman_antitrust,1890-07-02,Sherman Antitrust Act signed,economic_regulation,4,True,0.98,economic_regulation,Congress / Harrison administration,,,domestic,Foundation of federal antitrust law.,https://www.congress.gov/,1890,,,
evt_1898_spanish_american_war,1898-04-25,Spanish-American War declared,war_declaration,5,True,0.98,war,Congress / McKinley administration,,,international,U.S. emergence as overseas imperial power.,https://history.state.gov/milestones,1898,,,
evt_1898_hawaii_annexation,1898-07-07,Hawaii annexed by joint resolution,territorial_expansion,4,True,0.95,territorial_policy,Congress / McKinley administration,,,international,Strategic Pacific expansion.,https://www.congress.gov/,1898,,,
evt_1901_roosevelt_succeeds,1901-09-14,Theodore Roosevelt becomes president after McKinley assassination,ruler_transition,4,False,0.98,executive_transition,Succession process,,,domestic,Assassination-driven succession.,https://www.whitehouse.gov/about-the-white-house/presidents/,1901,,,
evt_1903_panama_canal_treaty,1903-11-18,Hay-Bunau-Varilla Treaty signed,strategic_infrastructure,5,True,0.95,foreign_policy,Roosevelt administration,,,international,U.S. canal rights in Panama.,https://history.state.gov/milestones,1903,,,
evt_1913_federal_reserve_act,1913-12-23,Federal Reserve Act signed,monetary_institution,5,True,0.98,monetary_policy,Congress / Wilson administration,,fac_federal_reserve,domestic,Created Federal Reserve System.,https://www.federalreservehistory.org/,1913,,,
evt_1917_us_enters_wwi,1917-04-06,United States enters World War I,war_declaration,5,True,0.98,war,Congress / Wilson administration,,,international,Major global war entry.,https://history.state.gov/milestones,1917,,,
evt_1918_wilson_fourteen_points,1918-01-08,Wilson announces Fourteen Points,foreign_policy_doctrine,4,True,0.95,foreign_policy,Wilson administration,,fac_globalists,international,Early liberal-internationalist program.,https://history.state.gov/milestones,1918,,,
evt_1919_senate_rejects_league,1919-11-19,Senate rejects Treaty of Versailles / League of Nations,treaty_rejection,5,True,0.98,foreign_policy,Senate,,fac_congressional_leadership,international,Checked Wilsonian internationalism.,https://www.congress.gov/,1919,,,
evt_1920_19th_amendment,1920-08-18,Nineteenth Amendment ratified,constitutional_amendment,5,True,0.98,civil_rights,Congress / states,,,domestic,Women’s suffrage.,https://www.archives.gov/milestone-documents,1920,,,
evt_1924_immigration_act,1924-05-26,Immigration Act of 1924 signed,immigration_restriction,4,True,0.98,immigration,Congress / Coolidge administration,,,domestic,National-origins quota regime.,https://www.congress.gov/,1924,,,
evt_1929_stock_market_crash,1929-10-29,Wall Street crash,financial_crisis,5,False,0.98,economic_crisis,Financial markets,,fac_business_finance,domestic,Trigger/accelerant of Great Depression.,https://www.federalreservehistory.org/,1929,,,
evt_1933_fdr_inauguration_new_deal,1933-03-04,FDR inaugurated; New Deal emergency begins,ruler_transition_policy_shift,5,True,0.98,economic_policy,Roosevelt administration,,,domestic,Major expansion of federal economic governance.,https://www.whitehouse.gov/about-the-white-house/presidents/,1933,,,
evt_1933_glass_steagall,1933-06-16,Glass-Steagall Banking Act signed,financial_regulation,4,True,0.98,financial_regulation,Congress / Roosevelt administration,,fac_business_finance,domestic,Separated commercial and investment banking; created FDIC.,https://www.congress.gov/,1933,,,
evt_1935_social_security_act,1935-08-14,Social Security Act signed,welfare_state,5,True,0.98,domestic_policy,Roosevelt administration / Congress,,,domestic,Foundation of federal old-age insurance and welfare state.,https://www.congress.gov/,1935,,,
evt_1941_lend_lease,1941-03-11,Lend-Lease Act signed,war_aid_policy,5,True,0.98,foreign_policy,Roosevelt administration / Congress,,fac_globalists,international,Pre-entry aid to Allied powers.,https://history.state.gov/milestones,1941,,,
evt_1941_pearl_harbor,1941-12-07,Attack on Pearl Harbor,external_attack,5,False,0.98,war,Japan,,,international,Direct trigger of U.S. entry into WWII.,https://history.state.gov/milestones,1941,,,
evt_1941_us_enters_wwii,1941-12-08,United States declares war on Japan,war_declaration,5,True,0.98,war,Congress / Roosevelt administration,,,international,Formal entry into WWII.,https://www.congress.gov/,1941,,,
evt_1942_japanese_internment_eo9066,1942-02-19,Executive Order 9066 signed,civil_liberties_restriction,5,True,0.98,domestic_security,Roosevelt administration,,,domestic,Authorized Japanese American incarceration.,https://www.archives.gov/milestone-documents,1942,,,
evt_1944_bretton_woods,1944-07-22,Bretton Woods agreements concluded,global_economic_order,5,True,0.95,international_economy,Treasury / allied negotiators,,fac_globalists,international,"Postwar monetary order, IMF/World Bank architecture.",https://history.state.gov/milestones,1944,,,
evt_1945_un_charter_signed,1945-06-26,United Nations Charter signed in San Francisco,international_institution,5,True,0.98,foreign_policy,Truman administration / Senate later ratification,p_truman_harry,fac_globalists,international,Core multilateral institution.,https://history.state.gov/milestones,1945,fac_congressional_leadership,0.0,fac_congressional_leadership
evt_1945_atomic_bomb_hiroshima,1945-08-06,Atomic bombing of Hiroshima,war_decision,5,True,0.98,war,Truman administration,p_truman_harry,fac_natsec_establishment,international,First wartime use of nuclear weapon.,https://history.state.gov/milestones,1945,fac_congressional_leadership,0.0,fac_congressional_leadership
evt_1945_atomic_bomb_nagasaki,1945-08-09,Atomic bombing of Nagasaki,war_decision,5,True,0.98,war,Truman administration,p_truman_harry,fac_natsec_establishment,international,Second wartime use of nuclear weapon.,https://history.state.gov/milestones,1945,fac_congressional_leadership,0.0,fac_congressional_leadership
evt_1947_truman_doctrine,1947-03-12,Truman Doctrine announced,foreign_policy_doctrine,4,True,0.95,foreign_policy,Executive/State Department,p_truman_harry,fac_natsec_establishment,international,Reorientation toward containment and assistance to states under authoritarian pressure.,https://history.state.gov/milestones/1945-1952/truman-doctrine,1947,fac_natsec_establishment,0.7762,"fac_natsec_establishment, fac_intelligence_community, fac_judicial_establishment"
evt_1947_taft_hartley,1947-06-23,Taft-Hartley Act enacted over veto,labor_policy,4,True,0.95,domestic_policy,Congress,,fac_congressional_leadership,domestic,Restricted organized labor power.,https://www.congress.gov/,1947,fac_natsec_establishment,0.7762,"fac_natsec_establishment, fac_intelligence_community, fac_judicial_establishment"
evt_1947_national_security_act,1947-07-26,National Security Act signed,security_state_institution,5,True,0.98,national_security,Truman administration / Congress,p_truman_harry,fac_natsec_establishment,domestic,"Created modern Defense Department, NSC and CIA architecture.",https://www.congress.gov/,1947,fac_natsec_establishment,0.7762,"fac_natsec_establishment, fac_intelligence_community, fac_judicial_establishment"
evt_1948_marshall_plan,1948-04-03,Economic Cooperation Act / Marshall Plan signed,economic_foreign_aid,4,True,0.95,foreign_policy_economy,Executive/State Department/Congress,p_marshall_george,fac_globalists,international,Institutionalized large-scale U.S. foreign aid and European recovery.,https://history.state.gov/milestones/1945-1952/marshall-plan,1948,fac_natsec_establishment,0.7762,"fac_natsec_establishment, fac_intelligence_community, fac_judicial_establishment"
evt_1948_berlin_airlift_begins,1948-06-26,Berlin Airlift begins,crisis_response,4,True,0.95,foreign_policy,Truman administration,p_truman_harry,fac_natsec_establishment,international,Cold War confrontation response.,https://history.state.gov/milestones,1948,fac_natsec_establishment,0.7762,"fac_natsec_establishment, fac_intelligence_community, fac_judicial_establishment"
evt_1949_nato,1949-04-04,North Atlantic Treaty signed,alliance_creation,5,True,0.95,security_alliance,Executive/State Department,p_acheson_dean,fac_globalists,international,Core alliance architecture.,https://history.state.gov/milestones/1945-1952/nato,1949,fac_natsec_establishment,0.7762,"fac_natsec_establishment, fac_intelligence_community, fac_judicial_establishment"
evt_1950_korean_war_entry,1950-06-27,U.S. military intervention in Korean War,war_intervention,5,True,0.98,war,Truman administration,p_truman_harry,fac_natsec_establishment,international,UN-backed U.S.-led intervention after North Korean invasion.,https://history.state.gov/milestones,1950,fac_natsec_establishment,0.7762,"fac_natsec_establishment, fac_intelligence_community, fac_judicial_establishment"
evt_1953_iran_coup,1953-08-19,Iran coup / Operation Ajax,covert_action,5,True,0.9,covert_action,CIA / Eisenhower administration,p_dulles_allen,fac_intelligence_community,international,U.S./UK-backed covert action against Mossadegh government; high interpretive importance.,https://www.cia.gov/readingroom/,1953,fac_federal_reserve,0.8533,"fac_federal_reserve, fac_judicial_establishment, fac_congressional_leadership"
evt_1954_brown,1954-05-17,Brown v. Board of Education decision,judicial_decision,5,False,0.9,domestic_rights,Supreme Court/civil rights litigation,,,domestic,Major civil rights event; not modeled as executive elite-initiated.,https://supreme.justia.com/cases/federal/us/347/483/,1954,fac_federal_reserve,0.8533,"fac_federal_reserve, fac_judicial_establishment, fac_congressional_leadership"
evt_1954_guatemala_coup,1954-06-27,Guatemala coup / Operation PBSUCCESS,covert_action,5,True,0.9,covert_action,CIA / Eisenhower administration,p_dulles_allen,fac_intelligence_community,international,Covert action against Árbenz government.,https://www.cia.gov/readingroom/,1954,fac_federal_reserve,0.8533,"fac_federal_reserve, fac_judicial_establishment, fac_congressional_leadership"
evt_1956_interstate_highway_act,1956-06-29,Federal-Aid Highway Act signed,infrastructure_policy,4,True,0.98,domestic_policy,Eisenhower administration / Congress,p_eisenhower_dwight,,domestic,Created Interstate Highway System.,https://www.congress.gov/,1956,fac_federal_reserve,0.8533,"fac_federal_reserve, fac_judicial_establishment, fac_congressional_leadership"
evt_1957_civil_rights_act,1957-09-09,Civil Rights Act of 1957 signed,civil_rights_legislation,4,True,0.95,civil_rights,Eisenhower administration / Congress,p_eisenhower_dwight,,domestic,First federal civil rights law since Reconstruction.,https://www.congress.gov/,1957,fac_federal_reserve,0.8533,"fac_federal_reserve, fac_judicial_establishment, fac_congressional_leadership"
evt_1960_u2_incident,1960-05-01,U-2 incident,intelligence_crisis,3,True,0.95,intelligence,CIA / Eisenhower administration,p_dulles_allen,fac_intelligence_community,international,Spy plane shot down over USSR.,https://history.state.gov/milestones,1960,fac_federal_reserve,0.7934,"fac_federal_reserve, fac_judicial_establishment, fac_congressional_leadership"
evt_1961_bay_of_pigs,1961-04-17,Bay of Pigs invasion,covert_action_failure,5,True,0.98,covert_action,CIA / Kennedy administration,p_kennedy_john,fac_intelligence_community,international,Failed invasion of Cuba by CIA-backed force.,https://history.state.gov/milestones,1961,fac_congressional_leadership,0.7683,"fac_congressional_leadership, fac_federal_reserve, fac_judicial_establishment"
evt_1962_cuban_missile_crisis,1962-10-16,Cuban Missile Crisis begins,nuclear_crisis,5,True,0.98,national_security,Kennedy administration / ExComm,p_kennedy_john,fac_natsec_establishment,international,Peak nuclear confrontation of Cold War.,https://history.state.gov/milestones,1962,fac_congressional_leadership,0.8403,"fac_congressional_leadership, fac_federal_reserve, fac_intelligence_community"
evt_1963_jfk_assassination,1963-11-22,Assassination of John F. Kennedy,assassination,5,False,0.98,executive_transition,Assassin / succession process,,,domestic,Presidential assassination and transition to Johnson.,https://www.whitehouse.gov/about-the-white-house/presidents/,1963,fac_congressional_leadership,0.8403,"fac_congressional_leadership, fac_federal_reserve, fac_intelligence_community"
evt_1964_civil_rights_act,1964-07-02,Civil Rights Act of 1964 signed,civil_rights_legislation,5,True,0.98,civil_rights,Johnson administration / Congress,p_johnson_lyndon,,domestic,Landmark civil rights law.,https://www.congress.gov/,1964,fac_congressional_leadership,0.8403,"fac_congressional_leadership, fac_federal_reserve, fac_intelligence_community"
evt_1964_tonkin,1964-08-07,Gulf of Tonkin Resolution,war_authorization,5,True,0.9,war,Executive/Congress,p_johnson_lyndon,fac_natsec_establishment,international,Enabled escalation in Vietnam.,https://www.archives.gov/milestone-documents/tonkin-gulf-resolution,1964,fac_congressional_leadership,0.8403,"fac_congressional_leadership, fac_federal_reserve, fac_intelligence_community"
evt_1965_vietnam_escalation,1965-03-08,U.S. combat troops land in Vietnam,military_escalation,5,True,0.9,war,Executive/Defense/NSC,p_mcnamara_robert,fac_natsec_establishment,international,Combat troop deployment; model uses first Marines landing as marker.,https://history.state.gov/milestones/1961-1968/gulf-of-tonkin,1965,fac_congressional_leadership,0.7683,"fac_congressional_leadership, fac_federal_reserve, fac_judicial_establishment"
evt_1965_medicare_medicaid,1965-07-30,Medicare and Medicaid enacted,welfare_state,5,True,0.98,domestic_policy,Johnson administration / Congress,p_johnson_lyndon,,domestic,Major health-policy institution building.,https://www.congress.gov/,1965,fac_congressional_leadership,0.7683,"fac_congressional_leadership, fac_federal_reserve, fac_judicial_establishment"
evt_1965_voting_rights_act,1965-08-06,Voting Rights Act signed,civil_rights_legislation,5,True,0.98,civil_rights,Johnson administration / Congress,p_johnson_lyndon,,domestic,Federal voting rights enforcement.,https://www.congress.gov/,1965,fac_congressional_leadership,0.7683,"fac_congressional_leadership, fac_federal_reserve, fac_judicial_establishment"
evt_1968_mlk_assassination,1968-04-04,Assassination of Martin Luther King Jr.,political_violence,5,False,0.98,domestic_crisis,Assassin,,,domestic,Civil-rights crisis and unrest.,https://www.fbi.gov/history,1968,fac_congressional_leadership,0.8403,"fac_congressional_leadership, fac_federal_reserve, fac_intelligence_community"
evt_1968_rfK_assassination,1968-06-05,Assassination of Robert F. Kennedy,political_violence,5,False,0.98,domestic_crisis,Assassin,,,domestic,Presidential campaign assassination.,https://www.fbi.gov/history,1968,fac_congressional_leadership,0.8403,"fac_congressional_leadership, fac_federal_reserve, fac_intelligence_community"
evt_1969_nixon_doctrine,1969-07-25,Nixon Doctrine announced,foreign_policy_doctrine,4,True,0.95,foreign_policy,Nixon administration,p_nixon_richard,fac_natsec_establishment,international,Shift toward allied burden-sharing.,https://history.state.gov/milestones,1969,fac_congressional_leadership,0.8553,"fac_congressional_leadership, fac_natsec_establishment, fac_federal_reserve"
evt_1971_nixon_gold_window,1971-08-15,Nixon ends dollar-gold convertibility,monetary_policy_shift,5,True,0.98,monetary_policy,Nixon administration / Treasury / Fed,p_nixon_richard,fac_federal_reserve,international,Collapse of Bretton Woods gold-dollar link.,https://www.federalreservehistory.org/,1971,fac_congressional_leadership,0.8553,"fac_congressional_leadership, fac_natsec_establishment, fac_federal_reserve"
evt_1972_nixon_china_visit,1972-02-21,Nixon visits China,diplomatic_opening,5,True,0.98,foreign_policy,Nixon/Kissinger,p_nixon_richard,fac_natsec_establishment,international,Strategic opening to PRC.,https://history.state.gov/milestones,1972,fac_natsec_establishment,0.8432,"fac_natsec_establishment, fac_congressional_leadership, fac_intelligence_community"
evt_1972_watergate_breakin,1972-06-17,Watergate break-in,political_scandal,4,True,0.95,domestic_politics,Nixon campaign operatives,p_nixon_richard,,domestic,Beginning of Watergate scandal.,https://www.archives.gov/milestone-documents,1972,fac_natsec_establishment,0.8432,"fac_natsec_establishment, fac_congressional_leadership, fac_intelligence_community"
evt_1973_trilateral_founded,1973-07-01,Trilateral Commission founded,network_creation,2,True,0.85,elite_network,Private transnational policy network,p_rockefeller_david,fac_cfr_trilateral,transnational,Non-state network event; useful for globalist faction layer. Date uses month-level approximation set to first day.,https://www.britannica.com/topic/Trilateral-Commission,1973,fac_congressional_leadership,0.8362,"fac_congressional_leadership, fac_federal_reserve, fac_judicial_establishment"
evt_1973_kissinger_state,1973-09-22,Kissinger becomes Secretary of State while NSA,elite_role_concentration,3,True,0.9,foreign_policy_governance,Executive,p_kissinger_henry,fac_natsec_establishment,domestic_institutional,Proxy event for high concentration of foreign-policy authority.,https://history.state.gov/historicaldocuments/frus1969-76v38p1/d16,1973,fac_congressional_leadership,0.8362,"fac_congressional_leadership, fac_federal_reserve, fac_judicial_establishment"
evt_1973_war_powers_resolution,1973-11-07,War Powers Resolution enacted over veto,congressional_constraint,4,True,0.95,war_powers,Congress,,fac_congressional_leadership,domestic,Legislative attempt to constrain presidential war powers.,https://www.congress.gov/,1973,fac_congressional_leadership,0.8362,"fac_congressional_leadership, fac_federal_reserve, fac_judicial_establishment"
evt_1974_nixon_resignation,1974-08-09,Richard Nixon resigns,ruler_transition_crisis,5,True,0.98,executive_transition,Nixon administration / Congress / courts,p_nixon_richard,,domestic,Only U.S. presidential resignation.,https://www.whitehouse.gov/about-the-white-house/presidents/,1974,fac_congressional_leadership,0.8365,"fac_congressional_leadership, fac_intelligence_community, fac_natsec_establishment"
evt_1975_church_committee,1975-01-27,Senate Church Committee created,intelligence_oversight,4,True,0.95,intelligence,Senate,,fac_congressional_leadership,domestic,Major investigation of intelligence abuses.,https://www.congress.gov/,1975,fac_congressional_leadership,0.8365,"fac_congressional_leadership, fac_intelligence_community, fac_natsec_establishment"
evt_1975_fall_saigon,1975-04-30,Fall of Saigon,war_end,5,False,0.98,war,North Vietnamese forces,,,international,End of Vietnam War for U.S.-backed South Vietnam.,https://history.state.gov/milestones,1975,fac_congressional_leadership,0.8365,"fac_congressional_leadership, fac_intelligence_community, fac_natsec_establishment"
evt_1978_fisa,1978-10-25,Foreign Intelligence Surveillance Act signed,intelligence_oversight,4,True,0.98,intelligence,Congress / Carter administration,p_carter_jimmy,fac_intelligence_community,domestic,Created FISA court surveillance framework.,https://www.congress.gov/,1978,fac_natsec_establishment,0.8621,"fac_natsec_establishment, fac_federal_reserve, fac_judicial_establishment"
evt_1979_china_relations_normalized,1979-01-01,U.S.-China diplomatic relations normalized,diplomatic_normalization,5,True,0.98,foreign_policy,Carter administration,p_carter_jimmy,fac_globalists,international,Formal normalization with PRC.,https://history.state.gov/milestones,1979,fac_natsec_establishment,0.8636,"fac_natsec_establishment, fac_globalists, fac_federal_reserve"
evt_1979_iran_hostage,1979-11-04,Iran hostage crisis begins,foreign_crisis,5,False,0.9,foreign_policy_crisis,Iranian revolutionary actors,,,international,External crisis; included to contextualize Carter/Brzezinski era.,https://history.state.gov/departmenthistory/short-history/iraniancrises,1979,fac_natsec_establishment,0.8636,"fac_natsec_establishment, fac_globalists, fac_federal_reserve"
evt_1979_iran_hostage_crisis,1979-11-04,Iran hostage crisis begins,foreign_policy_crisis,5,False,0.98,foreign_policy,Iranian militants,,,international,U.S. embassy hostages in Tehran.,https://history.state.gov/milestones,1979,fac_natsec_establishment,0.8636,"fac_natsec_establishment, fac_globalists, fac_federal_reserve"
evt_1980_volcker_shock_peak,1980-03-01,Volcker anti-inflation monetary tightening peaks,monetary_policy_shift,5,True,0.9,monetary_policy,Federal Reserve,p_volcker_paul,fac_federal_reserve,domestic,High-rate disinflation policy with recessionary costs.,https://www.federalreservehistory.org/,1980,fac_business_finance,0.8673,"fac_business_finance, fac_federal_reserve, fac_judicial_establishment"
evt_1981_reagan_inauguration,1981-01-20,Ronald Reagan inaugurated,ruler_transition,4,False,0.98,elections,Electorate / Reagan coalition,p_reagan_ronald,fac_republican_party,domestic,Conservative policy realignment.,https://www.whitehouse.gov/about-the-white-house/presidents/,1981,fac_natsec_establishment,0.8217,"fac_natsec_establishment, fac_intelligence_community, fac_business_finance"
evt_1981_air_traffic_controllers_fired,1981-08-05,Reagan fires striking air traffic controllers,labor_policy,4,True,0.95,domestic_policy,Reagan administration,p_reagan_ronald,fac_republican_party,domestic,Signal event in labor-policy and executive authority.,https://www.whitehouse.gov/about-the-white-house/presidents/,1981,fac_natsec_establishment,0.8217,"fac_natsec_establishment, fac_intelligence_community, fac_business_finance"
evt_1983_grenada_invasion,1983-10-25,U.S. invasion of Grenada,military_intervention,4,True,0.98,war,Reagan administration,p_reagan_ronald,fac_natsec_establishment,international,Cold War-era military intervention.,https://history.state.gov/milestones,1983,fac_natsec_establishment,0.851,"fac_natsec_establishment, fac_intelligence_community, fac_globalists"
evt_1986_iran_contra_revealed,1986-11-25,Iran-Contra affair publicly revealed,political_scandal,5,True,0.95,covert_action,Reagan administration officials,p_reagan_ronald,fac_natsec_establishment,international,Secret arms sales and Contra support scandal.,https://www.archives.gov/milestone-documents,1986,fac_natsec_establishment,0.8545,"fac_natsec_establishment, fac_congressional_leadership, fac_intelligence_community"
evt_1987_black_monday,1987-10-19,Black Monday stock-market crash,financial_crisis,4,False,0.98,economic_crisis,Financial markets,,fac_business_finance,domestic,Major market crash and Fed liquidity response context.,https://www.federalreservehistory.org/,1987,fac_judicial_establishment,0.8464,"fac_judicial_establishment, fac_globalists, fac_business_finance"
evt_1989_panama_invasion,1989-12-20,U.S. invasion of Panama,military_intervention,4,True,0.98,war,George H. W. Bush administration,p_bush_george_hw,fac_natsec_establishment,international,Operation Just Cause.,https://history.state.gov/milestones,1989,fac_judicial_establishment,0.8714,"fac_judicial_establishment, fac_natsec_establishment, fac_business_finance"
evt_1990_gulf_war_authorization,1991-01-12,Congress authorizes Gulf War force,war_authorization,5,True,0.98,war,Congress / Bush administration,p_bush_george_hw,fac_natsec_establishment,international,Authorization for Operation Desert Storm.,https://www.congress.gov/,1991,fac_judicial_establishment,0.8714,"fac_judicial_establishment, fac_natsec_establishment, fac_business_finance"
evt_1991_gulf_war,1991-01-17,Operation Desert Storm begins,war,5,True,0.95,war,Executive/Defense/Coalition,p_bush_george_hw,fac_natsec_establishment,international,Major U.S.-led war under UN/coali­tion framework.,https://history.state.gov/milestones/1989-1992/gulf-war,1991,fac_judicial_establishment,0.8714,"fac_judicial_establishment, fac_natsec_establishment, fac_business_finance"
evt_1991_soviet_union_dissolves,1991-12-26,Soviet Union dissolves,geopolitical_shift,5,False,0.98,foreign_policy,Soviet institutions,,,international,End of Cold War bipolar order.,https://history.state.gov/milestones,1991,fac_judicial_establishment,0.8714,"fac_judicial_establishment, fac_natsec_establishment, fac_business_finance"
evt_1992_nafta_signed,1992-12-17,NAFTA signed,trade_agreement,4,True,0.95,trade,George H. W. Bush administration,p_bush_george_hw,fac_globalists,international,North American trade integration; ratified under Clinton.,https://www.congress.gov/,1992,fac_judicial_establishment,0.8589,"fac_judicial_establishment, fac_natsec_establishment, fac_business_finance"
evt_1993_clinton_inauguration,1993-01-20,Bill Clinton inaugurated,ruler_transition,4,False,0.98,elections,Electorate,p_clinton_bill,fac_democratic_party,domestic,Post-Cold War Democratic transition.,https://www.whitehouse.gov/about-the-white-house/presidents/,1993,fac_judicial_establishment,0.8522,"fac_judicial_establishment, fac_natsec_establishment, fac_globalists"
evt_1994_nafta_effective,1994-01-01,NAFTA enters into force,trade_agreement_implementation,4,True,0.98,trade,Clinton administration / Congress,p_clinton_bill,fac_globalists,international,Major trade integration milestone.,https://www.congress.gov/,1994,fac_judicial_establishment,0.8358,"fac_judicial_establishment, fac_natsec_establishment, fac_globalists"
evt_1994_crime_bill,1994-09-13,Violent Crime Control and Law Enforcement Act signed,criminal_justice_policy,4,True,0.98,domestic_security,Clinton administration / Congress,p_clinton_bill,,domestic,Major federal crime and policing legislation.,https://www.congress.gov/,1994,fac_judicial_establishment,0.8358,"fac_judicial_establishment, fac_natsec_establishment, fac_globalists"
evt_1995_wto_created,1995-01-01,World Trade Organization begins,global_economic_order,4,True,0.95,trade,U.S. and multilateral negotiators,,fac_globalists,international,Global trade-governance institution.,https://history.state.gov/milestones,1995,fac_judicial_establishment,0.8358,"fac_judicial_establishment, fac_natsec_establishment, fac_globalists"
evt_1998_clinton_impeached,1998-12-19,Bill Clinton impeached by House,impeachment,4,True,0.98,domestic_politics,House of Representatives,p_clinton_bill,fac_congressional_leadership,domestic,Second presidential impeachment.,https://www.congress.gov/,1998,fac_judicial_establishment,0.8484,"fac_judicial_establishment, fac_natsec_establishment, fac_congressional_leadership"
evt_1999_nato_kosovo,1999-03-24,NATO bombing of Yugoslavia begins,military_intervention,5,True,0.95,war,Clinton administration / NATO,p_clinton_bill,fac_globalists,international,Humanitarian-intervention precedent without UN Security Council authorization.,https://history.state.gov/milestones,1999,fac_judicial_establishment,0.8484,"fac_judicial_establishment, fac_natsec_establishment, fac_congressional_leadership"
evt_1999_glass_steagall_repeal,1999-11-12,Gramm-Leach-Bliley Act signed,financial_deregulation,4,True,0.98,financial_regulation,Clinton administration / Congress,p_clinton_bill,fac_business_finance,domestic,Repealed key Glass-Steagall separations.,https://www.congress.gov/,1999,fac_judicial_establishment,0.8484,"fac_judicial_establishment, fac_natsec_establishment, fac_congressional_leadership"
evt_2000_bush_v_gore,2000-12-12,Bush v. Gore decision,judicial_decision,5,True,0.98,elections,Supreme Court,,fac_judicial_establishment,domestic,Resolved contested 2000 presidential election.,https://www.supremecourt.gov/about/landmark.aspx,2000,fac_judicial_establishment,0.8484,"fac_judicial_establishment, fac_natsec_establishment, fac_congressional_leadership"
evt_2001_george_w_bush_inauguration,2001-01-20,George W. Bush inaugurated,ruler_transition,4,False,0.98,elections,Electorate / Supreme Court context,p_bush_george_w,fac_republican_party,domestic,Transition after contested election.,https://www.whitehouse.gov/about-the-white-house/presidents/,2001,fac_judicial_establishment,0.8449,"fac_judicial_establishment, fac_natsec_establishment, fac_business_finance"
evt_2001_911,2001-09-11,September 11 attacks,terror_attack,5,False,0.98,security_crisis,Al-Qaeda,,,domestic_international,Non-elite initiated shock event; drives subsequent elite response metrics.,https://www.9-11commission.gov/report/911Report.pdf,2001,fac_judicial_establishment,0.8449,"fac_judicial_establishment, fac_natsec_establishment, fac_business_finance"
evt_2001_911_attacks,2001-09-11,September 11 terrorist attacks,terror_attack,5,False,0.98,national_security,Al-Qaeda,,,domestic,Catalyst for War on Terror and security-state expansion.,https://www.9-11commission.gov/report/,2001,fac_judicial_establishment,0.8449,"fac_judicial_establishment, fac_natsec_establishment, fac_business_finance"
evt_2001_aumf,2001-09-18,Authorization for Use of Military Force enacted,war_authorization,5,True,0.98,war,Congress / Bush administration,p_bush_george_w,fac_natsec_establishment,international,Broad legal foundation for War on Terror.,https://www.congress.gov/,2001,fac_judicial_establishment,0.8449,"fac_judicial_establishment, fac_natsec_establishment, fac_business_finance"
evt_2001_afghanistan_invasion,2001-10-07,U.S. invasion of Afghanistan begins,military_intervention,5,True,0.98,war,Bush administration,p_bush_george_w,fac_natsec_establishment,international,Operation Enduring Freedom.,https://history.state.gov/milestones,2001,fac_judicial_establishment,0.8449,"fac_judicial_establishment, fac_natsec_establishment, fac_business_finance"
evt_2001_patriot_act,2001-10-26,USA PATRIOT Act signed,security_legislation,4,True,0.95,domestic_security,Executive/Congress/security agencies,p_bush_george_w,fac_natsec_establishment,domestic,Expanded surveillance/security authorities after 9/11.,https://www.congress.gov/bill/107th-congress/house-bill/3162,2001,fac_judicial_establishment,0.8449,"fac_judicial_establishment, fac_natsec_establishment, fac_business_finance"
evt_2002_iraq_aumf,2002-10-16,Iraq War authorization enacted,war_authorization,5,True,0.98,war,Congress / Bush administration,p_bush_george_w,fac_neoconservatives,international,Authorization for Iraq invasion.,https://www.congress.gov/,2002,fac_natsec_establishment,0.8452,"fac_natsec_establishment, fac_judicial_establishment, fac_intelligence_community"
evt_2002_dhs_created,2002-11-25,Homeland Security Act signed,security_state_institution,5,True,0.98,national_security,Bush administration / Congress,p_bush_george_w,fac_natsec_establishment,domestic,Created Department of Homeland Security.,https://www.congress.gov/,2002,fac_natsec_establishment,0.8452,"fac_natsec_establishment, fac_judicial_establishment, fac_intelligence_community"
evt_2003_iraq_invasion,2003-03-20,U.S.-led invasion of Iraq begins,war,5,True,0.95,war,Executive/Defense,p_bush_george_w,fac_neoconservatives,international,Major war; initiator faction uses interventionist-hawk proxy.,https://history.state.gov/milestones/2001-2009/iraq,2003,fac_natsec_establishment,0.8523,"fac_natsec_establishment, fac_judicial_establishment, fac_congressional_leadership"
evt_2005_katrina,2005-08-29,Hurricane Katrina landfall and federal response crisis,disaster_response_crisis,4,False,0.98,domestic_crisis,Natural disaster / federal-state response,,,domestic,Major governance and emergency-management failure.,https://www.whitehouse.gov/about-the-white-house/presidents/,2005,fac_judicial_establishment,0.8364,"fac_judicial_establishment, fac_natsec_establishment, fac_congressional_leadership"
evt_2006_surveillance_disclosure,2006-01-01,NSA warrantless surveillance controversy intensifies,surveillance_disclosure,4,True,0.85,intelligence,NSA / Bush administration,,fac_intelligence_community,domestic,Public controversy over post-9/11 warrantless surveillance.,https://www.congress.gov/,2006,fac_natsec_establishment,0.8309,"fac_natsec_establishment, fac_judicial_establishment, fac_congressional_leadership"
evt_2008_bear_stearns_rescue,2008-03-16,Bear Stearns rescue arranged,financial_crisis_response,4,True,0.95,financial_policy,Federal Reserve / Treasury,p_bernanke_ben,fac_federal_reserve,domestic,Early acute phase of global financial crisis response.,https://www.federalreservehistory.org/,2008,fac_natsec_establishment,0.8213,"fac_natsec_establishment, fac_judicial_establishment, fac_intelligence_community"
evt_2008_lehman_collapse,2008-09-15,Lehman Brothers collapses,financial_crisis,5,False,0.98,economic_crisis,Financial markets / Lehman,,fac_business_finance,international,Global financial crisis shock.,https://www.federalreservehistory.org/,2008,fac_natsec_establishment,0.8213,"fac_natsec_establishment, fac_judicial_establishment, fac_intelligence_community"
evt_2008_tarp,2008-10-03,Emergency Economic Stabilization Act / TARP signed,financial_rescue,5,True,0.95,economy_finance,Executive/Treasury/Federal Reserve/Congress,p_bush_george_w,fac_business_finance,domestic_global,Financial-crisis rescue.,https://home.treasury.gov/data/troubled-assets-relief-program,2008,fac_natsec_establishment,0.8213,"fac_natsec_establishment, fac_judicial_establishment, fac_intelligence_community"
evt_2008_fed_qe1,2008-11-25,Federal Reserve announces first large-scale asset purchases,monetary_policy_shift,4,True,0.95,monetary_policy,Federal Reserve,p_bernanke_ben,fac_federal_reserve,domestic,Beginning of quantitative easing era.,https://www.federalreservehistory.org/,2008,fac_natsec_establishment,0.8213,"fac_natsec_establishment, fac_judicial_establishment, fac_intelligence_community"
evt_2009_obama_inauguration,2009-01-20,Barack Obama inaugurated,ruler_transition,4,False,0.98,elections,Electorate,p_obama_barack,fac_democratic_party,domestic,First Black U.S. president; post-crisis transition.,https://www.whitehouse.gov/about-the-white-house/presidents/,2009,fac_judicial_establishment,0.8369,"fac_judicial_establishment, fac_business_finance, fac_intelligence_community"
evt_2009_arra_stimulus,2009-02-17,American Recovery and Reinvestment Act signed,fiscal_stimulus,4,True,0.98,economic_policy,Obama administration / Congress,p_obama_barack,fac_technocratic_centrist,domestic,Fiscal response to Great Recession.,https://www.congress.gov/,2009,fac_judicial_establishment,0.8369,"fac_judicial_establishment, fac_business_finance, fac_intelligence_community"
evt_2010_aca,2010-03-23,Affordable Care Act signed,domestic_legislation,4,True,0.95,health_policy,Executive/Congress,p_obama_barack,fac_democratic_party,domestic,Major domestic reform.,https://www.congress.gov/bill/111th-congress/house-bill/3590,2010,fac_judicial_establishment,0.8363,"fac_judicial_establishment, fac_business_finance, fac_intelligence_community"
evt_2010_aca_signed,2010-03-23,Affordable Care Act signed,health_policy,5,True,0.98,domestic_policy,Obama administration / Congress,p_obama_barack,fac_democratic_party,domestic,Major health-insurance reform.,https://www.congress.gov/,2010,fac_judicial_establishment,0.8363,"fac_judicial_establishment, fac_business_finance, fac_intelligence_community"
evt_2010_dodd_frank,2010-07-21,Dodd-Frank Act signed,financial_regulation,5,True,0.98,financial_regulation,Obama administration / Congress,p_obama_barack,fac_technocratic_centrist,domestic,Post-crisis financial regulatory framework.,https://www.congress.gov/,2010,fac_judicial_establishment,0.8363,"fac_judicial_establishment, fac_business_finance, fac_intelligence_community"
evt_2011_libya_intervention,2011-03-19,U.S./NATO intervention in Libya begins,military_intervention,5,True,0.95,war,Obama administration / NATO,p_obama_barack,fac_globalists,international,Responsibility-to-protect intervention context.,https://history.state.gov/milestones,2011,fac_judicial_establishment,0.8236,"fac_judicial_establishment, fac_business_finance, fac_congressional_leadership"
evt_2011_bin_laden_raid,2011-05-02,Osama bin Laden killed in U.S. raid,counterterrorism_operation,4,True,0.98,national_security,Obama administration / JSOC / CIA,p_obama_barack,fac_natsec_establishment,international,High-profile counterterrorism operation in Pakistan.,https://www.whitehouse.gov/about-the-white-house/presidents/,2011,fac_judicial_establishment,0.8236,"fac_judicial_establishment, fac_business_finance, fac_congressional_leadership"
evt_2013_snowden_disclosures,2013-06-05,Snowden NSA disclosures begin,surveillance_disclosure,5,False,0.95,intelligence,Edward Snowden / media,,fac_intelligence_community,international,Revealed scale of NSA surveillance programs; not elite-initiated in publication phase.,https://www.congress.gov/,2013,fac_judicial_establishment,0.8548,"fac_judicial_establishment, fac_natsec_establishment, fac_congressional_leadership"
evt_2013_shelby_county,2013-06-25,Shelby County v. Holder decision,judicial_decision,5,True,0.98,civil_rights,Supreme Court,,fac_judicial_establishment,domestic,Invalidated Voting Rights Act coverage formula.,https://www.supremecourt.gov/about/landmark.aspx,2013,fac_judicial_establishment,0.8548,"fac_judicial_establishment, fac_natsec_establishment, fac_congressional_leadership"
evt_2015_iran_deal_jcpoa,2015-07-14,Iran nuclear deal / JCPOA reached,diplomatic_agreement,4,True,0.95,foreign_policy,Obama administration / P5+1,p_obama_barack,fac_globalists,international,Multilateral nuclear agreement.,https://history.state.gov/milestones,2015,fac_judicial_establishment,0.8548,"fac_judicial_establishment, fac_natsec_establishment, fac_congressional_leadership"
evt_2015_paris_agreement,2015-12-12,Paris Climate Agreement adopted,international_agreement,4,True,0.95,climate_policy,Obama administration / UN process,p_obama_barack,fac_globalists,international,Global climate-governance agreement.,https://history.state.gov/milestones,2015,fac_judicial_establishment,0.8548,"fac_judicial_establishment, fac_natsec_establishment, fac_congressional_leadership"
evt_2016_trump_elected,2016-11-08,Donald Trump elected president,election,4,False,0.95,election,Voters/electoral system,p_trump_donald,fac_populist_nationalists,domestic,Political renewal/shock marker; not elite-initiated.,https://www.archives.gov/electoral-college/2016,2016,fac_natsec_establishment,0.8605,"fac_natsec_establishment, fac_judicial_establishment, fac_congressional_leadership"
evt_2017_trump_inauguration,2017-01-20,Donald Trump inaugurated as 45th president,ruler_transition,4,False,0.98,elections,Electorate,p_trump_donald,fac_populist_nationalists,domestic,Trump first term begins.,https://www.whitehouse.gov/about-the-white-house/presidents/,2017,fac_business_finance,0.8168,"fac_business_finance, fac_judicial_establishment, fac_congressional_leadership"
evt_2017_travel_ban_eo,2017-01-27,Trump travel-ban executive order signed,immigration_security_policy,4,True,0.95,immigration,Trump administration,p_trump_donald,fac_populist_nationalists,domestic,Early immigration/national-security executive action.,https://www.whitehouse.gov/administration/donald-j-trump/,2017,fac_business_finance,0.8168,"fac_business_finance, fac_judicial_establishment, fac_congressional_leadership"
evt_2017_tax_cuts_jobs_act,2017-12-22,Tax Cuts and Jobs Act signed,tax_policy,4,True,0.98,economic_policy,Trump administration / Congress,p_trump_donald,fac_republican_party,domestic,Major corporate and individual tax reform.,https://www.congress.gov/,2017,fac_business_finance,0.8168,"fac_business_finance, fac_judicial_establishment, fac_congressional_leadership"
evt_2018_us_exits_jcpoa,2018-05-08,United States withdraws from Iran nuclear deal,treaty_withdrawal,4,True,0.98,foreign_policy,Trump administration,p_trump_donald,fac_populist_nationalists,international,Rollback of Obama-era multilateral agreement.,https://www.whitehouse.gov/administration/donald-j-trump/,2018,fac_natsec_establishment,0.8502,"fac_natsec_establishment, fac_judicial_establishment, fac_business_finance"
evt_2018_china_tariffs,2018-07-06,U.S. imposes major tariffs on Chinese goods,trade_war,4,True,0.95,trade,Trump administration,p_trump_donald,fac_populist_nationalists,international,Escalation of U.S.-China trade conflict.,https://www.whitehouse.gov/administration/donald-j-trump/,2018,fac_natsec_establishment,0.8502,"fac_natsec_establishment, fac_judicial_establishment, fac_business_finance"
evt_2019_trump_first_impeachment,2019-12-18,Donald Trump impeached first time,impeachment,4,True,0.98,domestic_politics,House of Representatives,p_trump_donald,fac_congressional_leadership,domestic,Ukraine-related impeachment.,https://www.congress.gov/,2019,fac_natsec_establishment,0.8425,"fac_natsec_establishment, fac_judicial_establishment, fac_business_finance"
evt_2020_covid_emergency,2020-03-13,COVID-19 national emergency declared,public_health_emergency,5,True,0.95,public_health,Executive/Public health agencies,p_trump_donald,fac_natsec_establishment,domestic_global,Emergency response event; public-health/security state expansion proxy.,https://trumpwhitehouse.archives.gov/briefings-statements/proclamation-declaring-national-emergency-concerning-novel-coronavirus-disease-covid-19-outbreak/,2020,fac_natsec_establishment,0.8331,"fac_natsec_establishment, fac_judicial_establishment, fac_business_finance"
evt_2020_cares_act,2020-03-27,CARES Act signed,fiscal_stimulus,5,True,0.98,economic_policy,Trump administration / Congress,p_trump_donald,fac_congressional_leadership,domestic,Massive pandemic relief package.,https://www.congress.gov/,2020,fac_natsec_establishment,0.8331,"fac_natsec_establishment, fac_judicial_establishment, fac_business_finance"
evt_2020_george_floyd_protests,2020-05-26,George Floyd protests begin nationwide,mass_protest,4,False,0.95,domestic_crisis,Civil society / protest movements,,,domestic,Major racial-justice protest wave.,https://www.fbi.gov/history,2020,fac_natsec_establishment,0.8331,"fac_natsec_establishment, fac_judicial_establishment, fac_business_finance"
evt_2020_election,2020-11-03,2020 presidential election,election,5,False,0.98,elections,Electorate,p_biden_joe,fac_democratic_party,domestic,Biden defeats incumbent Trump.,https://www.whitehouse.gov/about-the-white-house/presidents/,2020,fac_natsec_establishment,0.8331,"fac_natsec_establishment, fac_judicial_establishment, fac_business_finance"
evt_2021_jan6,2021-01-06,Attack on the U.S. Capitol,domestic_political_violence,5,False,0.9,regime_stability,Pro-Trump rioters / political mobilization,,fac_populist_nationalists,domestic,Major regime-stability event; initiator_person_id omitted due to contested legal attribution.,https://www.govinfo.gov/collection/january-6th-committee-final-report,2021,fac_natsec_establishment,0.8497,"fac_natsec_establishment, fac_globalists, fac_congressional_leadership"
evt_2021_january_6,2021-01-06,Attack on U.S. Capitol,political_violence,5,False,0.98,domestic_crisis,Rioters / election-denial movement,,fac_populist_nationalists,domestic,Attempt to disrupt Electoral College certification.,https://www.congress.gov/,2021,fac_natsec_establishment,0.8497,"fac_natsec_establishment, fac_globalists, fac_congressional_leadership"
evt_2021_biden_inauguration,2021-01-20,Joe Biden inaugurated,ruler_transition,4,False,0.98,elections,Electorate / Congress,p_biden_joe,fac_democratic_party,domestic,Transfer of power after contested aftermath.,https://www.whitehouse.gov/about-the-white-house/presidents/,2021,fac_natsec_establishment,0.8497,"fac_natsec_establishment, fac_globalists, fac_congressional_leadership"
evt_2021_afghanistan_withdrawal,2021-08-30,U.S. completes Afghanistan withdrawal,military_withdrawal,4,True,0.9,war,Executive/Defense/State,p_biden_joe,fac_democratic_party,international,End marker for U.S. military presence in Afghanistan.,https://www.whitehouse.gov/briefing-room/speeches-remarks/2021/08/31/remarks-by-president-biden-on-the-end-of-the-war-in-afghanistan/,2021,fac_natsec_establishment,0.8497,"fac_natsec_establishment, fac_globalists, fac_congressional_leadership"
evt_2022_ukraine_aid_framework,2022-02-24,U.S. Ukraine aid and sanctions response after Russian invasion,foreign_policy_crisis_response,5,True,0.95,foreign_policy,Biden administration / Congress,p_biden_joe,fac_globalists,international,Large-scale aid/sanctions posture after Russia’s full-scale invasion.,https://history.state.gov/milestones,2022,fac_natsec_establishment,0.8429,"fac_natsec_establishment, fac_globalists, fac_intelligence_community"
evt_2022_dobbs,2022-06-24,Dobbs v. Jackson Women’s Health Organization decision,judicial_decision,5,True,0.98,civil_rights,Supreme Court,,fac_judicial_establishment,domestic,Overturned Roe v. Wade framework.,https://www.supremecourt.gov/about/landmark.aspx,2022,fac_natsec_establishment,0.8429,"fac_natsec_establishment, fac_globalists, fac_intelligence_community"
evt_2022_chips_act,2022-08-09,CHIPS and Science Act signed,industrial_policy,4,True,0.98,economic_security,Biden administration / Congress,p_biden_joe,fac_technocratic_centrist,domestic,Semiconductor industrial-policy and China-competition tool.,https://www.congress.gov/,2022,fac_natsec_establishment,0.8429,"fac_natsec_establishment, fac_globalists, fac_intelligence_community"
evt_2023_svb_failure,2023-03-10,Silicon Valley Bank fails,financial_crisis,4,False,0.98,economic_crisis,Financial markets / banking sector,,fac_business_finance,domestic,Regional-bank crisis and emergency backstop context.,https://www.federalreservehistory.org/,2023,fac_natsec_establishment,0.8429,"fac_natsec_establishment, fac_globalists, fac_intelligence_community"
evt_2023_debt_ceiling_fiscal_responsibility,2023-06-03,Fiscal Responsibility Act resolves debt-ceiling standoff,fiscal_governance,4,True,0.95,fiscal_policy,Biden administration / congressional leaders,p_biden_joe,fac_congressional_leadership,domestic,Debt-ceiling deal and spending caps.,https://www.congress.gov/,2023,fac_natsec_establishment,0.8429,"fac_natsec_establishment, fac_globalists, fac_intelligence_community"
evt_2024_trump_conviction_ny,2024-05-30,Donald Trump convicted in New York criminal case,legal_political_event,4,False,0.95,domestic_politics,New York court / jury,,,domestic,First criminal conviction of a former U.S. president.,https://www.whitehouse.gov/about-the-white-house/presidents/,2024,fac_natsec_establishment,0.8497,"fac_natsec_establishment, fac_globalists, fac_congressional_leadership"
evt_2024_trump_elected_47,2024-11-05,Donald Trump elected 47th president,ruler_transition,5,False,0.98,elections,Electorate,p_trump_donald,fac_populist_nationalists,domestic,Non-consecutive return to presidency.,https://www.whitehouse.gov/administration/donald-j-trump/,2024,fac_natsec_establishment,0.8497,"fac_natsec_establishment, fac_globalists, fac_congressional_leadership"
evt_2025_trump_second_inauguration,2025-01-20,Donald Trump inaugurated as 47th president,inauguration,4,False,0.95,election_transition,Electoral system/voters,p_trump_donald,fac_populist_nationalists,domestic,Current-period ruler transition marker.,https://www.whitehouse.gov/administration/donald-j-trump/,2025,fac_congressional_leadership,0.8521,"fac_congressional_leadership, fac_judicial_establishment, fac_business_finance"
evt_2025_rubio_state_confirmation,2025-01-21,Marco Rubio sworn in as Secretary of State,cabinet_transition,3,True,0.95,foreign_policy,Trump administration / Senate,p_rubio_marco,fac_republican_party,domestic,Foreign-policy personnel transition in second Trump administration.,https://www.whitehouse.gov/administration/donald-j-trump/,2025,fac_congressional_leadership,0.8521,"fac_congressional_leadership, fac_judicial_establishment, fac_business_finance"
evt_2025_vance_vp_tie_breaking_defense,2025-01-24,JD Vance casts tie-breaking vote for Defense Secretary confirmation,senate_confirmation,3,True,0.9,national_security,Senate / Vice President,p_vance_jd,fac_populist_nationalists,domestic,Illustrative elite event in VP/Senate confirmation power.,https://www.whitehouse.gov/administration/donald-j-trump/,2025,fac_congressional_leadership,0.8521,"fac_congressional_leadership, fac_judicial_establishment, fac_business_finance"
